股票代码,股票名称,日期,开盘,收盘,最高,最低,成交量,成交额,振幅,涨跌幅,涨跌额,换手率
000586,汇源通信,2024-01-02,12.72,12.76,12.83,12.6,22408,28540267.49,1.83,1.43,0.18,1.16
000586,汇源通信,2024-01-03,12.75,12.62,12.78,12.47,17210,21666271.5,2.43,-1.1,-0.14,0.89
000586,汇源通信,2024-01-04,12.69,12.6,12.69,12.47,20174,25359272.0,1.74,-0.16,-0.02,1.04
000586,汇源通信,2024-01-05,12.66,12.32,12.68,12.24,13900,17317868.0,3.49,-2.22,-0.28,0.72
000586,汇源通信,2024-01-08,12.35,12.06,12.35,12.03,20220,24526465.96,2.6,-2.11,-0.26,1.05
000586,汇源通信,2024-01-09,12.11,12.12,12.27,12.03,20840,25314410.0,1.99,0.5,0.06,1.08
000586,汇源通信,2024-01-10,12.17,11.83,12.17,11.79,20564,24492065.0,3.14,-2.39,-0.29,1.06
000586,汇源通信,2024-01-11,11.83,12.13,12.17,11.79,18369,22081447.0,3.21,2.54,0.3,0.95
000586,汇源通信,2024-01-12,12.19,11.91,12.2,11.88,14736,17767751.0,2.64,-1.81,-0.22,0.76
000586,汇源通信,2024-01-15,12.0,11.88,12.0,11.7,15429,18270693.0,2.52,-0.25,-0.03,0.8
000586,汇源通信,2024-01-16,11.89,11.79,12.02,11.62,21158,24913055.0,3.37,-0.76,-0.09,1.09
000586,汇源通信,2024-01-17,11.79,11.47,11.85,11.47,17019,19861274.0,3.22,-2.71,-0.32,0.88
000586,汇源通信,2024-01-18,11.47,11.39,11.6,11.1,28240,31935533.0,4.36,-0.7,-0.08,1.46
000586,汇源通信,2024-01-19,11.5,11.22,11.55,11.18,20012,22634453.08,3.25,-1.49,-0.17,1.03
000586,汇源通信,2024-01-22,11.18,10.36,11.28,10.3,39469,42510687.54,8.73,-7.66,-0.86,2.04
000586,汇源通信,2024-01-23,10.33,10.16,10.5,10.02,46426,47294265.37,4.63,-1.93,-0.2,2.4
000586,汇源通信,2024-01-24,10.25,10.35,10.4,9.88,41070,41754136.0,5.12,1.87,0.19,2.12
000586,汇源通信,2024-01-25,10.38,10.97,10.97,10.33,39738,42583023.0,6.18,5.99,0.62,2.05
000586,汇源通信,2024-01-26,11.24,10.84,11.24,10.8,27239,29823201.88,4.01,-1.19,-0.13,1.41
000586,汇源通信,2024-01-29,11.09,10.45,11.09,10.41,32321,34263020.98,6.27,-3.6,-0.39,1.67
000586,汇源通信,2024-01-30,10.42,9.81,10.54,9.8,30631,30893632.0,7.08,-6.12,-0.64,1.58
000586,汇源通信,2024-01-31,9.92,9.0,9.92,8.94,55460,51789865.0,9.99,-8.26,-0.81,2.87
000586,汇源通信,2024-02-01,9.02,8.82,9.13,8.59,60933,53667655.0,6.0,-2.0,-0.18,3.15
000586,汇源通信,2024-02-02,8.98,8.18,9.18,7.94,60818,51418318.65,14.06,-7.26,-0.64,3.14
000586,汇源通信,2024-02-05,8.21,7.36,8.3,7.36,74693,56267943.36,11.49,-10.02,-0.82,3.86
000586,汇源通信,2024-02-06,6.68,6.85,7.14,6.62,87419,58740437.65,7.07,-6.93,-0.51,4.52
000586,汇源通信,2024-02-07,6.7,6.19,6.74,6.17,121301,76360199.09,8.32,-9.64,-0.66,6.27
000586,汇源通信,2024-02-08,6.16,6.76,6.81,5.57,114152,70818090.99,20.03,9.21,0.57,5.9
000586,汇源通信,2024-02-19,7.0,7.44,7.44,7.0,66069,48037748.92,6.51,10.06,0.68,3.42
000586,汇源通信,2024-02-20,7.63,7.68,7.76,7.3,84815,63573935.15,6.18,3.23,0.24,4.38
000586,汇源通信,2024-02-21,7.72,8.04,8.25,7.5,74939,60005409.03,9.77,4.69,0.36,3.87
000586,汇源通信,2024-02-22,8.0,8.84,8.84,8.0,33721,29270924.64,10.45,9.95,0.8,1.74
000586,汇源通信,2024-02-23,9.34,9.26,9.45,8.83,145141,131077518.24,7.01,4.75,0.42,7.5
000586,汇源通信,2024-02-26,9.05,8.86,9.2,8.82,115382,103925467.71,4.1,-4.32,-0.4,5.96
000586,汇源通信,2024-02-27,8.92,9.75,9.75,8.75,96663,89135875.13,11.29,10.05,0.89,5.0
000586,汇源通信,2024-02-28,10.45,10.73,10.73,10.44,89109,95212593.59,2.97,10.05,0.98,4.61
000586,汇源通信,2024-02-29,11.5,11.8,11.8,10.0,214521,234891563.99,16.78,9.97,1.07,11.09
000586,汇源通信,2024-03-01,12.98,12.98,12.98,12.98,100112,129945168.32,0.0,10.0,1.18,5.18
000586,汇源通信,2024-03-04,14.28,11.9,14.28,11.68,434421,563342657.42,20.03,-8.32,-1.08,22.46
000586,汇源通信,2024-03-05,12.21,13.09,13.09,11.4,519462,657998954.06,14.2,10.0,1.19,26.85
000586,汇源通信,2024-03-06,11.85,11.78,12.37,11.78,472726,563905301.56,4.51,-10.01,-1.31,24.44
000586,汇源通信,2024-03-07,11.13,10.61,11.35,10.6,309041,338684778.64,6.37,-9.93,-1.17,15.98
000586,汇源通信,2024-03-08,10.61,11.24,11.52,10.56,298394,330839474.43,9.05,5.94,0.63,15.43
000586,汇源通信,2024-03-11,11.2,11.29,11.6,11.1,247153,280273310.73,4.45,0.44,0.05,12.78
000586,汇源通信,2024-03-12,11.23,11.03,11.28,10.85,169632,186264757.02,3.81,-2.3,-0.26,8.77
000586,汇源通信,2024-03-13,11.0,11.31,11.96,10.82,270524,311502543.48,10.34,2.54,0.28,13.98
000586,汇源通信,2024-03-14,11.0,10.74,11.19,10.61,177030,191862479.12,5.13,-5.04,-0.57,9.15
000586,汇源通信,2024-03-15,10.85,10.81,10.96,10.58,109707,118264468.0,3.54,0.65,0.07,5.67
000586,汇源通信,2024-03-18,10.9,11.15,11.2,10.71,151061,165461758.69,4.53,3.15,0.34,7.81
000586,汇源通信,2024-03-19,11.16,12.27,12.27,11.06,273919,317864761.34,10.85,10.04,1.12,14.16
000586,汇源通信,2024-03-20,12.27,11.97,12.6,11.82,295606,355683846.14,6.36,-2.44,-0.3,15.28
000586,汇源通信,2024-03-21,11.83,11.69,11.98,11.54,182103,213273809.0,3.68,-2.34,-0.28,9.41
000586,汇源通信,2024-03-22,11.6,11.2,11.64,11.16,137843,156210418.16,4.11,-4.19,-0.49,7.13
000586,汇源通信,2024-03-25,11.0,10.51,11.1,10.51,133383,144684983.2,5.27,-6.16,-0.69,6.9
000586,汇源通信,2024-03-26,10.43,10.54,10.72,10.29,86332,90803293.0,4.09,0.29,0.03,4.46
000586,汇源通信,2024-03-27,10.54,9.89,10.65,9.89,83715,84867005.0,7.21,-6.17,-0.65,4.33
000586,汇源通信,2024-03-28,9.9,10.41,10.45,9.85,96774,99297666.0,6.07,5.26,0.52,5.0
000586,汇源通信,2024-03-29,10.39,10.55,10.55,10.22,79762,83045254.0,3.17,1.34,0.14,4.12
000586,汇源通信,2024-04-01,10.55,10.71,10.85,10.55,76668,81898615.25,2.84,1.52,0.16,3.96
000586,汇源通信,2024-04-02,10.74,10.55,10.74,10.46,46690,49282570.52,2.61,-1.49,-0.16,2.41
000586,汇源通信,2024-04-03,10.45,10.29,10.59,10.15,49681,51061034.0,4.17,-2.46,-0.26,2.57
000586,汇源通信,2024-04-08,10.24,9.97,10.31,9.96,49395,49561347.12,3.4,-3.11,-0.32,2.55
000586,汇源通信,2024-04-09,9.97,10.09,10.11,9.87,38735,38753877.0,2.41,1.2,0.12,2.0
000586,汇源通信,2024-04-10,10.11,9.7,10.12,9.54,56414,54960533.15,5.75,-3.87,-0.39,2.92
000586,汇源通信,2024-04-11,9.57,9.66,9.88,9.56,31832,31027569.64,3.3,-0.41,-0.04,1.65
000586,汇源通信,2024-04-12,9.66,9.68,9.93,9.59,43784,42863023.24,3.52,0.21,0.02,2.26
000586,汇源通信,2024-04-15,9.64,8.85,9.68,8.74,85740,77388617.67,9.71,-8.57,-0.83,4.43
000586,汇源通信,2024-04-16,8.85,7.97,8.85,7.97,69632,56321219.0,9.94,-9.94,-0.88,3.6
000586,汇源通信,2024-04-17,7.94,8.69,8.7,7.94,80320,68421620.35,9.54,9.03,0.72,4.15
000586,汇源通信,2024-04-18,8.75,8.9,9.15,8.4,73202,64604293.02,8.63,2.42,0.21,3.78
000586,汇源通信,2024-04-19,8.89,8.88,9.0,8.7,41412,36586629.0,3.37,-0.22,-0.02,2.14
000586,汇源通信,2024-04-22,8.7,8.59,8.81,8.33,46393,39761305.0,5.41,-3.27,-0.29,2.4
000586,汇源通信,2024-04-23,8.63,8.84,8.88,8.63,42027,36934683.12,2.91,2.91,0.25,2.17
000586,汇源通信,2024-04-24,8.9,9.22,9.35,8.81,52058,47659313.6,6.11,4.3,0.38,2.69
000586,汇源通信,2024-04-25,9.18,9.26,9.34,9.1,40738,37696584.0,2.6,0.43,0.04,2.11
000586,汇源通信,2024-04-26,9.09,10.19,10.19,8.92,212781,210891027.41,13.71,10.04,0.93,11.0
000586,汇源通信,2024-04-29,10.15,9.78,10.15,9.66,198283,193789023.96,4.81,-4.02,-0.41,10.25
000586,汇源通信,2024-04-30,9.73,9.54,9.81,9.32,116323,110864430.0,5.01,-2.45,-0.24,6.01
000586,汇源通信,2024-05-06,9.49,9.63,9.69,9.47,88166,84179105.0,2.31,0.94,0.09,4.56
000586,汇源通信,2024-05-07,9.55,9.81,9.81,9.44,118601,114514141.05,3.84,1.87,0.18,6.13
000586,汇源通信,2024-05-08,9.85,9.58,10.1,9.58,96855,94557378.11,5.3,-2.34,-0.23,5.01
000586,汇源通信,2024-05-09,9.6,9.52,9.66,9.47,62640,59747426.0,1.98,-0.63,-0.06,3.24
000586,汇源通信,2024-05-10,9.51,9.19,9.51,9.16,80415,74469012.31,3.68,-3.47,-0.33,4.16
000586,汇源通信,2024-05-13,9.15,9.16,9.5,8.83,77718,71341600.45,7.29,-0.33,-0.03,4.02
000586,汇源通信,2024-05-14,9.17,9.21,9.35,9.09,37604,34550314.0,2.84,0.55,0.05,1.94
000586,汇源通信,2024-05-15,9.18,9.12,9.38,9.02,46624,43053211.0,3.91,-0.98,-0.09,2.41
000586,汇源通信,2024-05-16,9.02,9.22,9.33,9.02,42031,38812994.2,3.4,1.1,0.1,2.17
000586,汇源通信,2024-05-17,9.16,9.33,9.36,9.16,40100,37244879.0,2.17,1.19,0.11,2.07
000586,汇源通信,2024-05-20,9.22,9.07,9.32,8.96,67768,61599032.0,3.86,-2.79,-0.26,3.5
000586,汇源通信,2024-05-21,9.07,8.97,9.08,8.85,40499,36135355.84,2.54,-1.1,-0.1,2.09
000586,汇源通信,2024-05-22,8.97,9.06,9.1,8.88,31883,28741013.0,2.45,1.0,0.09,1.65
000586,汇源通信,2024-05-23,9.04,8.81,9.05,8.77,36746,32572840.0,3.09,-2.76,-0.25,1.9
000586,汇源通信,2024-05-24,8.81,8.7,8.92,8.65,27150,23799555.0,3.06,-1.25,-0.11,1.4
000586,汇源通信,2024-05-27,8.71,8.65,8.81,8.47,22366,19147024.88,3.91,-0.57,-0.05,1.16
000586,汇源通信,2024-05-28,8.72,8.62,9.09,8.45,46223,40382888.56,7.4,-0.35,-0.03,2.39
000586,汇源通信,2024-05-29,8.47,8.53,8.68,8.43,34174,29281264.64,2.9,-1.04,-0.09,1.77
000586,汇源通信,2024-05-30,8.48,8.44,8.58,8.35,23327,19745019.0,2.7,-1.06,-0.09,1.21
000586,汇源通信,2024-05-31,8.54,8.57,8.65,8.44,28879,24822237.64,2.49,1.54,0.13,1.49
000586,汇源通信,2024-06-03,8.61,8.22,8.64,8.14,40978,34071848.0,5.83,-4.08,-0.35,2.12
000586,汇源通信,2024-06-04,8.25,7.95,8.25,7.8,49777,39379457.0,5.47,-3.28,-0.27,2.57
000586,汇源通信,2024-06-05,7.95,7.72,7.95,7.72,24438,19107816.0,2.89,-2.89,-0.23,1.26
000586,汇源通信,2024-06-06,7.73,7.17,7.8,7.05,60401,44047091.6,9.72,-7.12,-0.55,3.12
000586,汇源通信,2024-06-07,7.4,7.6,7.66,7.25,61692,46492474.44,5.72,6.0,0.43,3.19
000586,汇源通信,2024-06-11,7.57,7.6,7.78,7.32,30690,23024717.61,6.05,0.0,0.0,1.59
000586,汇源通信,2024-06-12,7.65,7.8,7.82,7.53,28147,21820798.0,3.82,2.63,0.2,1.46
000586,汇源通信,2024-06-13,7.83,7.76,7.92,7.74,25540,19970632.86,2.31,-0.51,-0.04,1.32
000586,汇源通信,2024-06-14,7.77,7.97,8.17,7.68,49983,39643898.96,6.31,2.71,0.21,2.58
000586,汇源通信,2024-06-17,7.86,7.9,8.04,7.8,36489,28830386.0,3.01,-0.88,-0.07,1.89
000586,汇源通信,2024-06-18,7.85,8.35,8.69,7.82,112383,93913065.04,11.01,5.7,0.45,5.81
000586,汇源通信,2024-06-19,8.3,8.24,8.42,8.08,73580,61144805.0,4.07,-1.32,-0.11,3.8
000586,汇源通信,2024-06-20,8.15,7.9,8.28,7.85,62863,50331597.0,5.22,-4.13,-0.34,3.25
000586,汇源通信,2024-06-21,7.9,7.92,8.11,7.68,35911,28474902.0,5.44,0.25,0.02,1.86
000586,汇源通信,2024-06-24,7.84,7.43,7.98,7.4,39496,29832779.0,7.32,-6.19,-0.49,2.04
000586,汇源通信,2024-06-25,7.6,7.46,7.61,7.4,31851,23873697.0,2.83,0.4,0.03,1.65
000586,汇源通信,2024-06-26,7.44,7.82,7.83,7.42,33688,25725255.0,5.5,4.83,0.36,1.74
000586,汇源通信,2024-06-27,7.8,7.7,7.96,7.7,38061,29815933.36,3.32,-1.53,-0.12,1.97
000586,汇源通信,2024-06-28,7.7,7.85,7.95,7.66,29669,23395427.0,3.77,1.95,0.15,1.53
000586,汇源通信,2024-07-01,7.8,7.78,7.9,7.66,24134,18710466.72,3.06,-0.89,-0.07,1.25
000586,汇源通信,2024-07-02,7.76,7.81,7.92,7.74,26615,20907324.79,2.31,0.39,0.03,1.38
000586,汇源通信,2024-07-03,7.86,7.7,7.9,7.69,19834,15335210.0,2.69,-1.41,-0.11,1.03
000586,汇源通信,2024-07-04,7.7,7.35,7.77,7.34,24783,18529324.0,5.58,-4.55,-0.35,1.28
000586,汇源通信,2024-07-05,7.36,7.42,7.47,7.22,22843,16783320.0,3.4,0.95,0.07,1.18
000586,汇源通信,2024-07-08,7.37,7.15,7.45,7.13,27587,19889673.0,4.31,-3.64,-0.27,1.43
000586,汇源通信,2024-07-09,7.18,7.36,7.37,6.96,24040,17259936.0,5.73,2.94,0.21,1.24
000586,汇源通信,2024-07-10,7.31,7.12,7.34,7.08,32247,23206777.0,3.53,-3.26,-0.24,1.67
000586,汇源通信,2024-07-11,7.25,7.47,7.49,7.21,41620,30638104.0,3.93,4.92,0.35,2.15
000586,汇源通信,2024-07-12,7.47,7.47,7.59,7.36,25833,19253054.0,3.08,0.0,0.0,1.34
000586,汇源通信,2024-07-15,7.41,7.22,7.44,7.16,20618,14905544.0,3.75,-3.35,-0.25,1.07
000586,汇源通信,2024-07-16,7.22,7.14,7.3,7.07,21016,15025373.0,3.19,-1.11,-0.08,1.09
000586,汇源通信,2024-07-17,7.15,6.96,7.21,6.95,29389,20646538.0,3.64,-2.52,-0.18,1.52
000586,汇源通信,2024-07-18,6.89,6.73,6.89,6.57,35027,23394175.48,4.6,-3.3,-0.23,1.81
000586,汇源通信,2024-07-19,6.73,6.91,6.98,6.61,27293,18709646.0,5.5,2.67,0.18,1.41
000586,汇源通信,2024-07-22,6.95,7.13,7.2,6.86,34805,24683034.0,4.92,3.18,0.22,1.8
000586,汇源通信,2024-07-23,7.09,6.96,7.2,6.95,19718,13956531.0,3.51,-2.38,-0.17,1.02
000586,汇源通信,2024-07-24,6.94,6.9,7.08,6.86,24040,16704474.0,3.16,-0.86,-0.06,1.24
000586,汇源通信,2024-07-25,6.84,6.86,7.0,6.71,19734,13493358.0,4.2,-0.58,-0.04,1.02
000586,汇源通信,2024-07-26,6.85,7.05,7.07,6.84,24486,17137876.0,3.35,2.77,0.19,1.27
000586,汇源通信,2024-07-29,7.12,7.15,7.2,6.92,23964,16990305.0,3.97,1.42,0.1,1.24
000586,汇源通信,2024-07-30,7.14,7.18,7.23,7.07,32511,23260634.0,2.24,0.42,0.03,1.68
000586,汇源通信,2024-07-31,7.15,7.39,7.41,7.13,34789,25418417.0,3.9,2.92,0.21,1.8
000586,汇源通信,2024-08-01,7.42,7.41,7.49,7.36,22616,16763635.0,1.76,0.27,0.02,1.17
000586,汇源通信,2024-08-02,7.39,7.2,7.41,7.19,27269,19898919.0,2.97,-2.83,-0.21,1.41
000586,汇源通信,2024-08-05,7.1,6.91,7.26,6.91,28168,19922757.86,4.86,-4.03,-0.29,1.46
000586,汇源通信,2024-08-06,7.09,7.1,7.15,6.98,26960,19073669.0,2.46,2.75,0.19,1.39
000586,汇源通信,2024-08-07,7.81,7.81,7.81,7.81,18232,14239192.0,0.0,10.0,0.71,0.94
000586,汇源通信,2024-08-08,8.59,8.59,8.59,8.59,57442,49342678.0,0.0,9.99,0.78,2.97
000586,汇源通信,2024-08-09,8.3,7.96,8.76,7.9,308310,256087410.46,10.01,-7.33,-0.63,15.94
000586,汇源通信,2024-08-12,7.5,7.25,7.65,7.21,187261,137312671.94,5.53,-8.92,-0.71,9.68
000586,汇源通信,2024-08-13,7.22,7.14,7.28,7.0,116090,82398580.12,3.86,-1.52,-0.11,6.0
000586,汇源通信,2024-08-14,7.23,7.53,7.85,7.16,248470,188419780.7,9.66,5.46,0.39,12.84
000586,汇源通信,2024-08-15,7.48,7.65,7.75,7.33,210118,158486070.08,5.58,1.59,0.12,10.86
000586,汇源通信,2024-08-16,7.66,7.52,7.77,7.49,109048,82906289.0,3.66,-1.7,-0.13,5.64
000586,汇源通信,2024-08-19,7.41,7.34,7.56,7.3,67672,50000434.0,3.46,-2.39,-0.18,3.5
000586,汇源通信,2024-08-20,7.29,7.12,7.35,7.09,61761,44369039.2,3.54,-3.0,-0.22,3.19
000586,汇源通信,2024-08-21,7.13,7.16,7.21,7.0,45857,32717905.2,2.95,0.56,0.04,2.37
000586,汇源通信,2024-08-22,7.12,6.91,7.23,6.89,59209,41628464.0,4.75,-3.49,-0.25,3.06
000586,汇源通信,2024-08-23,6.88,6.92,7.06,6.73,58738,40426150.1,4.78,0.14,0.01,3.04
000586,汇源通信,2024-08-26,6.92,7.13,7.2,6.92,49606,35240661.6,4.05,3.03,0.21,2.56
000586,汇源通信,2024-08-27,7.07,6.85,7.1,6.77,55416,38234912.0,4.63,-3.93,-0.28,2.86
000586,汇源通信,2024-08-28,6.89,6.99,7.07,6.74,43818,30428555.0,4.82,2.04,0.14,2.27
000586,汇源通信,2024-08-29,6.95,7.16,7.19,6.91,42339,29929106.1,4.01,2.43,0.17,2.19
000586,汇源通信,2024-08-30,7.11,7.24,7.38,7.11,45650,33289459.0,3.77,1.12,0.08,2.36
000586,汇源通信,2024-09-02,7.24,7.11,7.29,7.09,33138,23858088.0,2.76,-1.8,-0.13,1.71
000586,汇源通信,2024-09-03,7.11,7.18,7.24,7.09,24386,17458066.0,2.11,0.98,0.07,1.26
000586,汇源通信,2024-09-04,7.14,7.08,7.17,7.05,26818,19033570.0,1.67,-1.39,-0.1,1.39
000586,汇源通信,2024-09-05,7.06,7.21,7.22,7.06,28079,20096415.86,2.26,1.84,0.13,1.45
000586,汇源通信,2024-09-06,7.21,7.0,7.24,6.98,30820,21862172.0,3.61,-2.91,-0.21,1.59
000586,汇源通信,2024-09-09,7.0,7.01,7.07,6.87,27040,18915202.0,2.86,0.14,0.01,1.4
000586,汇源通信,2024-09-10,7.09,7.71,7.71,6.94,77163,57672306.88,10.98,9.99,0.7,3.99
000586,汇源通信,2024-09-11,7.59,7.5,7.68,7.37,150357,112458569.94,4.02,-2.72,-0.21,7.77
000586,汇源通信,2024-09-12,7.49,7.48,7.6,7.42,84342,63007884.36,2.4,-0.27,-0.02,4.36
000586,汇源通信,2024-09-13,7.4,7.28,7.69,7.28,92849,68904003.0,5.48,-2.67,-0.2,4.8
000586,汇源通信,2024-09-18,7.3,7.23,7.37,7.08,74616,53884777.67,3.98,-0.69,-0.05,3.86
000586,汇源通信,2024-09-19,7.32,7.45,7.5,7.22,95526,70659485.38,3.87,3.04,0.22,4.94
000586,汇源通信,2024-09-20,7.49,7.5,7.58,7.43,95766,71886710.0,2.01,0.67,0.05,4.95
000586,汇源通信,2024-09-23,7.5,7.58,7.67,7.5,88140,66933078.4,2.27,1.07,0.08,4.56
000586,汇源通信,2024-09-24,7.56,7.65,7.67,7.43,93577,70978407.0,3.17,0.92,0.07,4.84
000586,汇源通信,2024-09-25,7.68,7.66,7.86,7.62,108054,83545559.32,3.14,0.13,0.01,5.59
000586,汇源通信,2024-09-26,7.65,7.79,7.82,7.61,76629,59229693.0,2.74,1.7,0.13,3.96
000586,汇源通信,2024-09-27,7.92,8.13,8.24,7.79,106751,85474359.16,5.78,4.36,0.34,5.52
000586,汇源通信,2024-09-30,8.3,8.84,8.89,8.16,147787,126367626.56,8.98,8.73,0.71,7.64
000586,汇源通信,2024-10-08,9.7,9.25,9.7,8.84,188079,172629989.2,9.73,4.64,0.41,9.72
000586,汇源通信,2024-10-09,9.12,8.34,9.12,8.33,136942,119253171.0,8.54,-9.84,-0.91,7.08
000586,汇源通信,2024-10-10,8.46,8.49,8.79,8.2,99830,85123002.69,7.07,1.8,0.15,5.16
000586,汇源通信,2024-10-11,8.49,8.05,8.49,7.9,74948,61114198.3,6.95,-5.18,-0.44,3.87
000586,汇源通信,2024-10-14,8.18,8.34,8.36,8.05,72071,59291787.0,3.85,3.6,0.29,3.73
000586,汇源通信,2024-10-15,8.34,8.25,8.48,8.23,60679,50721514.0,3.0,-1.08,-0.09,3.14
000586,汇源通信,2024-10-16,8.18,8.68,8.98,8.07,161070,138848080.0,11.03,5.21,0.43,8.33
000586,汇源通信,2024-10-17,8.68,8.6,9.08,8.53,129954,113293712.9,6.34,-0.92,-0.08,6.72
000586,汇源通信,2024-10-18,8.49,8.81,8.9,8.45,125296,109220673.16,5.23,2.44,0.21,6.48
000586,汇源通信,2024-10-21,9.0,9.23,9.52,8.84,209474,195237577.0,7.72,4.77,0.42,10.83
000586,汇源通信,2024-10-22,9.19,9.0,9.34,8.86,117121,105254510.02,5.2,-2.49,-0.23,6.05
000586,汇源通信,2024-10-23,8.96,9.14,9.37,8.88,110363,101336353.0,5.44,1.56,0.14,5.71
000586,汇源通信,2024-10-24,9.07,9.78,9.83,8.97,253879,241375502.8,9.41,7.0,0.64,13.12
000586,汇源通信,2024-10-25,9.94,10.76,10.76,9.63,291990,304260872.9,11.55,10.02,0.98,15.09
000586,汇源通信,2024-10-28,10.8,11.32,11.8,10.31,410410,452202893.06,13.85,5.2,0.56,21.22
000586,汇源通信,2024-10-29,11.29,10.41,11.29,10.4,300768,322269209.98,7.86,-8.04,-0.91,15.55
000586,汇源通信,2024-10-30,10.1,10.24,10.5,10.06,173301,177139089.65,4.23,-1.63,-0.17,8.96
000586,汇源通信,2024-10-31,10.24,10.31,10.6,10.15,178163,184239217.4,4.39,0.68,0.07,9.21
000586,汇源通信,2024-11-01,10.2,9.5,10.25,9.45,169071,165597356.13,7.76,-7.86,-0.81,8.74
000586,汇源通信,2024-11-04,9.26,9.73,9.87,9.26,100805,96632229.86,6.42,2.42,0.23,5.21
000586,汇源通信,2024-11-05,9.76,9.85,9.97,9.66,97136,95461893.8,3.19,1.23,0.12,5.02
000586,汇源通信,2024-11-06,9.9,9.79,10.01,9.71,112876,111091691.0,3.05,-0.61,-0.06,5.84
000586,汇源通信,2024-11-07,9.68,10.02,10.1,9.66,88252,87920595.03,4.49,2.35,0.23,4.56
000586,汇源通信,2024-11-08,10.1,9.96,10.37,9.91,94838,95860798.0,4.59,-0.6,-0.06,4.9
000586,汇源通信,2024-11-11,10.0,10.29,10.29,9.85,96771,98472767.53,4.42,3.31,0.33,5.0
000586,汇源通信,2024-11-12,10.3,10.09,10.38,9.97,83910,85207456.88,3.98,-1.94,-0.2,4.34
000586,汇源通信,2024-11-13,10.0,10.52,10.6,9.98,197330,204146756.8,6.14,4.26,0.43,10.2
000586,汇源通信,2024-11-14,10.42,10.16,10.58,10.13,132498,136492178.92,4.28,-3.42,-0.36,6.85
000586,汇源通信,2024-11-15,10.12,9.88,10.35,9.86,109951,111499440.01,4.82,-2.76,-0.28,5.68
000586,汇源通信,2024-11-18,9.87,9.31,9.93,9.2,112304,105783916.0,7.39,-5.77,-0.57,5.81
000586,汇源通信,2024-11-19,9.3,9.61,9.62,9.22,57546,53992909.09,4.3,3.22,0.3,2.97
000586,汇源通信,2024-11-20,9.82,10.14,10.14,9.62,92589,92330284.91,5.41,5.52,0.53,4.79
000586,汇源通信,2024-11-21,10.07,10.04,10.32,9.9,70398,71120313.52,4.14,-0.99,-0.1,3.64
000586,汇源通信,2024-11-22,10.02,9.47,10.08,9.45,68089,66543252.41,6.27,-5.68,-0.57,3.52
000586,汇源通信,2024-11-25,9.55,9.78,9.79,9.41,56760,54669269.0,4.01,3.27,0.31,2.93
000586,汇源通信,2024-11-26,9.88,9.77,10.12,9.75,46939,46597927.0,3.78,-0.1,-0.01,2.43
000586,汇源通信,2024-11-27,9.7,10.06,10.06,9.3,71549,69687975.0,7.78,2.97,0.29,3.7
000586,汇源通信,2024-11-28,10.11,9.94,10.19,9.91,50205,50426882.96,2.78,-1.19,-0.12,2.6
000586,汇源通信,2024-11-29,9.94,9.97,10.12,9.73,57378,57032031.0,3.92,0.3,0.03,2.97
000586,汇源通信,2024-12-02,10.1,10.39,10.88,9.98,118827,123864990.0,9.03,4.21,0.42,6.14
000586,汇源通信,2024-12-03,10.41,10.54,10.67,10.31,129348,135842389.12,3.46,1.44,0.15,6.69
000586,汇源通信,2024-12-04,10.41,10.46,10.6,10.35,119674,125407440.0,2.37,-0.76,-0.08,6.19
000586,汇源通信,2024-12-05,10.56,10.54,10.68,10.4,88744,93652750.0,2.68,0.76,0.08,4.59
000586,汇源通信,2024-12-06,10.51,10.64,10.79,10.44,86949,92463235.24,3.32,0.95,0.1,4.49
000586,汇源通信,2024-12-09,10.64,10.49,10.88,10.4,88032,93435191.0,4.51,-1.41,-0.15,4.55
000586,汇源通信,2024-12-10,10.69,10.59,10.72,10.39,97209,102671584.0,3.15,0.95,0.1,5.03
000586,汇源通信,2024-12-11,10.55,10.67,10.71,10.48,86221,91312986.0,2.17,0.76,0.08,4.46
000586,汇源通信,2024-12-12,10.7,10.98,11.0,10.59,101248,109530106.0,3.84,2.91,0.31,5.23
000586,汇源通信,2024-12-13,10.9,10.58,10.93,10.55,72433,77352940.0,3.46,-3.64,-0.4,3.74
000586,汇源通信,2024-12-16,10.6,11.64,11.64,10.55,115456,129922230.56,10.3,10.02,1.06,5.97
000586,汇源通信,2024-12-17,11.64,10.8,11.88,10.7,335560,377622267.69,10.14,-7.22,-0.84,17.35
000586,汇源通信,2024-12-18,10.91,11.88,11.88,10.91,86300,101531577.8,8.98,10.0,1.08,4.46
000586,汇源通信,2024-12-19,11.88,13.07,13.07,11.54,430469,527628875.35,12.88,10.02,1.19,22.25
000586,汇源通信,2024-12-20,13.3,12.34,14.26,12.31,476551,627720203.69,14.92,-5.59,-0.73,24.64
000586,汇源通信,2024-12-23,11.59,11.11,11.84,11.11,186545,210269967.73,5.92,-9.97,-1.23,9.64
000586,汇源通信,2024-12-24,10.22,10.0,10.49,10.0,186021,188175035.72,4.41,-9.99,-1.11,9.62
000586,汇源通信,2024-12-25,9.69,9.7,10.09,9.31,226209,218327800.01,7.8,-3.0,-0.3,11.69
000586,汇源通信,2024-12-26,9.75,10.09,10.29,9.61,178725,179494561.8,7.01,4.02,0.39,9.24
000586,汇源通信,2024-12-27,10.09,10.23,10.57,10.01,139523,144044820.06,5.55,1.39,0.14,7.21
000586,汇源通信,2024-12-30,10.18,10.04,10.27,9.71,93975,93944541.0,5.47,-1.86,-0.19,4.86
000586,汇源通信,2024-12-31,10.18,9.5,10.19,9.49,95523,93028082.4,6.97,-5.38,-0.54,4.94
000586,汇源通信,2025-01-02,9.52,9.3,9.68,9.18,73180,68943967.0,5.26,-2.11,-0.2,3.78
000586,汇源通信,2025-01-03,9.4,8.64,9.48,8.62,89432,80391478.0,9.25,-7.1,-0.66,4.62
000586,汇源通信,2025-01-06,8.67,8.51,8.78,8.23,70984,60617404.0,6.37,-1.5,-0.13,3.67
000586,汇源通信,2025-01-07,8.54,9.09,9.1,8.51,76195,67177951.0,6.93,6.82,0.58,3.94
000586,汇源通信,2025-01-08,9.15,9.03,9.25,8.7,66039,59244627.0,6.05,-0.66,-0.06,3.41
000586,汇源通信,2025-01-09,8.96,9.22,9.31,8.9,57878,53264546.0,4.54,2.1,0.19,2.99
000586,汇源通信,2025-01-10,9.25,8.75,9.3,8.71,70337,63228438.0,6.4,-5.1,-0.47,3.64
000586,汇源通信,2025-01-13,8.74,8.74,8.85,8.18,65916,56476952.0,7.66,-0.11,-0.01,3.41
000586,汇源通信,2025-01-14,8.83,9.32,9.34,8.75,64425,58971518.0,6.75,6.64,0.58,3.33
000586,汇源通信,2025-01-15,9.37,9.23,9.47,9.2,53857,50056378.0,2.9,-0.97,-0.09,2.78
000586,汇源通信,2025-01-16,9.34,9.41,9.48,9.22,50365,47180047.71,2.82,1.95,0.18,2.6
000586,汇源通信,2025-01-17,9.4,9.36,9.47,9.17,43631,40657684.0,3.19,-0.53,-0.05,2.26
000586,汇源通信,2025-01-20,9.38,9.5,9.63,9.09,65904,62198346.5,5.77,1.5,0.14,3.41
000586,汇源通信,2025-01-21,9.54,9.4,10.38,9.32,98422,94204511.0,11.16,-1.05,-0.1,5.09
000586,汇源通信,2025-01-22,9.4,10.34,10.34,9.39,57525,58660352.28,10.11,10.0,0.94,2.97
000586,汇源通信,2025-01-23,11.37,11.37,11.37,11.37,46275,52614106.5,0.0,9.96,1.03,2.39
000586,汇源通信,2025-01-24,10.8,10.23,10.8,10.23,247315,255277602.88,5.01,-10.03,-1.14,12.79
000586,汇源通信,2025-01-27,9.75,9.21,9.98,9.21,224116,211652753.88,7.53,-9.97,-1.02,11.59
000586,汇源通信,2025-02-05,9.23,9.46,9.53,9.07,159447,149810550.65,4.99,2.71,0.25,8.24
000586,汇源通信,2025-02-06,9.48,9.72,9.74,9.42,122843,117652709.88,3.38,2.75,0.26,6.35
000586,汇源通信,2025-02-07,9.68,9.87,9.99,9.66,104610,103203261.0,3.4,1.54,0.15,5.41
000586,汇源通信,2025-02-10,9.99,10.17,10.17,9.89,79065,79391542.5,2.84,3.04,0.3,4.09
000586,汇源通信,2025-02-11,10.14,10.06,10.17,9.93,73554,73832840.8,2.36,-1.08,-0.11,3.8
000586,汇源通信,2025-02-12,10.05,10.13,10.19,9.98,59379,60078002.6,2.09,0.7,0.07,3.07
000586,汇源通信,2025-02-13,10.1,9.97,10.16,9.92,57386,57481227.0,2.37,-1.58,-0.16,2.97
000586,汇源通信,2025-02-14,9.92,10.04,10.1,9.9,55779,55904597.0,2.01,0.7,0.07,2.88
000586,汇源通信,2025-02-17,10.06,10.33,10.42,10.06,79641,81870981.0,3.59,2.89,0.29,4.12
000586,汇源通信,2025-02-18,10.33,9.94,10.33,9.9,62177,62760063.0,4.16,-3.78,-0.39,3.21
000586,汇源通信,2025-02-19,9.95,10.26,10.26,9.95,50549,51212695.0,3.12,3.22,0.32,2.61
000586,汇源通信,2025-02-20,10.26,10.35,10.36,10.16,58678,60417764.2,1.95,0.88,0.09,3.03
000586,汇源通信,2025-02-21,10.3,10.34,10.4,10.14,62071,63852224.0,2.51,-0.1,-0.01,3.21
000586,汇源通信,2025-02-24,10.34,10.31,10.54,10.13,66520,68538638.88,3.97,-0.29,-0.03,3.44
000586,汇源通信,2025-02-25,10.15,10.23,10.35,10.12,53258,54378945.0,2.23,-0.78,-0.08,2.75
000586,汇源通信,2025-02-26,10.21,10.89,11.25,10.16,249005,268245963.21,10.65,6.45,0.66,12.87
000586,汇源通信,2025-02-27,10.61,10.8,11.15,10.56,216014,234311872.39,5.42,-0.83,-0.09,11.17
000586,汇源通信,2025-02-28,11.02,10.44,11.05,10.35,107722,113309826.74,6.48,-3.33,-0.36,5.57
000586,汇源通信,2025-03-03,10.47,10.27,10.73,10.2,83192,86433720.0,5.08,-1.63,-0.17,4.3
000586,汇源通信,2025-03-04,10.14,10.85,10.86,10.1,138727,145686898.48,7.4,5.65,0.58,7.17
000586,汇源通信,2025-03-05,10.75,10.68,11.01,10.41,116459,124245102.16,5.53,-1.57,-0.17,6.02
000586,汇源通信,2025-03-06,10.77,10.41,10.77,10.35,177946,186607507.0,3.93,-2.53,-0.27,9.2
000586,汇源通信,2025-03-07,10.41,10.11,10.42,10.04,101560,103706944.0,3.65,-2.88,-0.3,5.25
000586,汇源通信,2025-03-10,10.17,10.17,10.27,10.03,52087,52783453.0,2.37,0.59,0.06,2.69
000586,汇源通信,2025-03-11,10.04,10.14,10.15,9.92,48428,48690523.0,2.26,-0.29,-0.03,2.5
000586,汇源通信,2025-03-12,10.16,10.32,10.36,10.12,63694,65538662.45,2.37,1.78,0.18,3.29
000586,汇源通信,2025-03-13,10.36,10.13,10.38,9.95,60891,61702013.0,4.17,-1.84,-0.19,3.15
000586,汇源通信,2025-03-14,10.09,10.24,10.29,9.93,57238,58059891.5,3.55,1.09,0.11,2.96
000586,汇源通信,2025-03-17,10.24,10.38,10.65,10.2,75861,79061100.2,4.39,1.37,0.14,3.92
000586,汇源通信,2025-03-18,10.39,10.53,10.64,10.3,88717,92941515.08,3.28,1.45,0.15,4.59
000586,汇源通信,2025-03-19,10.45,10.34,10.48,10.25,55780,57586107.69,2.18,-1.8,-0.19,2.88
000586,汇源通信,2025-03-20,10.33,10.26,10.43,10.23,41605,42953279.83,1.93,-0.77,-0.08,2.15
000586,汇源通信,2025-03-21,10.26,10.38,10.63,10.11,91077,94692986.56,5.07,1.17,0.12,4.71
000586,汇源通信,2025-03-24,10.5,10.98,11.42,10.5,347646,385219473.43,8.86,5.78,0.6,17.97
000586,汇源通信,2025-03-25,10.54,9.88,10.77,9.88,295784,303482005.5,8.11,-10.02,-1.1,15.29
000586,汇源通信,2025-03-26,9.64,10.19,10.35,9.64,184090,186678618.02,7.19,3.14,0.31,9.52
000586,汇源通信,2025-03-27,10.1,10.05,10.24,9.82,113397,113475235.14,4.12,-1.37,-0.14,5.86
000586,汇源通信,2025-03-28,10.08,9.51,10.08,9.5,102635,99222596.22,5.77,-5.37,-0.54,5.31
000586,汇源通信,2025-03-31,9.46,9.43,9.52,9.11,72406,67302585.0,4.31,-0.84,-0.08,3.74
000586,汇源通信,2025-04-01,9.45,9.42,9.61,9.42,46917,44636075.67,2.01,-0.11,-0.01,2.43
000586,汇源通信,2025-04-02,9.49,9.44,9.65,9.31,35813,34055055.94,3.61,0.21,0.02,1.85
000586,汇源通信,2025-04-03,9.35,9.31,9.46,9.16,43833,40826939.0,3.18,-1.38,-0.13,2.27
000586,汇源通信,2025-04-07,8.85,8.38,8.85,8.38,38255,32278583.0,5.05,-9.99,-0.93,1.98
000586,汇源通信,2025-04-08,8.37,7.96,8.37,7.74,107388,85618443.0,7.52,-5.01,-0.42,5.55
000586,汇源通信,2025-04-09,7.75,8.18,8.22,7.21,79068,61076627.7,12.69,2.76,0.22,4.09
000586,汇源通信,2025-04-10,8.29,8.37,8.68,8.29,66884,56830268.49,4.77,2.32,0.19,3.46
000586,汇源通信,2025-04-11,8.37,8.55,8.66,7.54,50712,43042591.0,13.38,2.15,0.18,2.62
000586,汇源通信,2025-04-14,8.67,8.82,8.95,8.66,53680,47430770.39,3.39,3.16,0.27,2.78
000586,汇源通信,2025-04-15,8.82,8.9,8.95,8.72,46417,41059660.0,2.61,0.91,0.08,2.4
000586,汇源通信,2025-04-16,8.84,8.63,8.93,8.46,43516,37729055.0,5.28,-3.03,-0.27,2.25
000586,汇源通信,2025-04-17,8.57,8.72,8.83,8.57,30078,26298909.0,3.01,1.04,0.09,1.55
000586,汇源通信,2025-04-18,8.77,8.89,9.1,8.61,80451,71286860.0,5.62,1.95,0.17,4.16
000586,汇源通信,2025-04-21,8.9,8.98,9.12,8.77,74134,66346330.99,3.94,1.01,0.09,3.83
000586,汇源通信,2025-04-22,8.94,9.03,9.08,8.86,57719,51770486.03,2.45,0.56,0.05,2.98
000586,汇源通信,2025-04-23,9.02,9.22,9.22,9.02,44493,40775523.0,2.21,2.1,0.19,2.3
000586,汇源通信,2025-04-24,9.16,9.14,9.27,9.06,49734,45461082.8,2.28,-0.87,-0.08,2.57
000586,汇源通信,2025-04-25,9.25,9.09,9.25,9.05,38115,34829144.0,2.19,-0.55,-0.05,1.97
000586,汇源通信,2025-04-28,9.0,9.06,9.13,8.86,39619,35613435.0,2.97,-0.33,-0.03,2.05
000586,汇源通信,2025-04-29,9.0,9.31,9.42,8.97,56596,52392280.0,4.97,2.76,0.25,2.93
000586,汇源通信,2025-04-30,9.51,9.59,9.68,9.31,57429,54979378.0,3.97,3.01,0.28,2.97
000586,汇源通信,2025-05-06,9.62,9.92,9.95,9.62,63235,62370650.0,3.44,3.44,0.33,3.27
000586,汇源通信,2025-05-07,10.01,9.98,10.1,9.88,62522,62515917.0,2.22,0.6,0.06,3.23
000586,汇源通信,2025-05-08,9.98,10.25,10.25,9.94,56740,57651249.2,3.11,2.71,0.27,2.93
000586,汇源通信,2025-05-09,10.24,10.12,10.24,10.03,42949,43528873.0,2.05,-1.27,-0.13,2.22
000586,汇源通信,2025-05-12,10.19,10.24,10.3,10.11,34286,34953859.72,1.88,1.19,0.12,1.77
000586,汇源通信,2025-05-13,10.25,10.13,10.35,10.09,40842,41676714.3,2.54,-1.07,-0.11,2.11
000586,汇源通信,2025-05-14,10.15,10.13,10.24,10.07,32682,33132987.16,1.68,0.0,0.0,1.69
000586,汇源通信,2025-05-15,10.13,10.06,10.15,10.0,34697,34908516.64,1.48,-0.69,-0.07,1.79
000586,汇源通信,2025-05-16,10.08,10.14,10.2,10.02,27120,27465663.1,1.79,0.8,0.08,1.4
000586,汇源通信,2025-05-19,10.17,10.36,10.82,10.14,121250,126512598.52,6.71,2.17,0.22,6.27
000586,汇源通信,2025-05-20,10.31,10.63,10.79,10.27,79540,83582783.0,5.02,2.61,0.27,4.11
000586,汇源通信,2025-05-21,10.63,10.65,10.71,10.48,51964,55027343.3,2.16,0.19,0.02,2.69
000586,汇源通信,2025-05-22,10.53,10.36,10.69,10.3,62704,65785012.0,3.66,-2.72,-0.29,3.24
000586,汇源通信,2025-05-23,10.36,10.16,10.48,10.15,54478,56222901.0,3.19,-1.93,-0.2,2.82
000586,汇源通信,2025-05-26,10.16,10.34,10.37,10.11,31272,32175837.0,2.56,1.77,0.18,1.62
000586,汇源通信,2025-05-27,10.29,10.34,10.4,10.23,30284,31236411.0,1.64,0.0,0.0,1.57
000586,汇源通信,2025-05-28,10.35,10.32,10.49,10.25,30000,30982235.0,2.32,-0.19,-0.02,1.55
000586,汇源通信,2025-05-29,10.32,10.45,10.52,10.24,38419,40125733.05,2.71,1.26,0.13,1.99
000586,汇源通信,2025-05-30,10.44,10.21,10.47,10.15,44996,46067511.0,3.06,-2.3,-0.24,2.33
000586,汇源通信,2025-06-03,10.12,10.35,10.48,10.12,49286,51137272.0,3.53,1.37,0.14,2.55
000586,汇源通信,2025-06-04,10.41,10.45,10.67,10.33,38825,40739383.77,3.29,0.97,0.1,2.01
000586,汇源通信,2025-06-05,10.53,10.6,10.68,10.38,45686,48204272.0,2.87,1.44,0.15,2.36
000586,汇源通信,2025-06-06,10.61,10.85,10.94,10.56,68862,74213466.83,3.58,2.36,0.25,3.56
000586,汇源通信,2025-06-09,10.84,10.86,10.93,10.74,47296,51296068.0,1.75,0.09,0.01,2.44
000586,汇源通信,2025-06-10,10.87,10.76,10.92,10.6,57749,62164701.84,2.95,-0.92,-0.1,2.99
000586,汇源通信,2025-06-11,10.76,10.71,10.82,10.65,30518,32754086.72,1.58,-0.46,-0.05,1.58
000586,汇源通信,2025-06-12,10.71,10.7,10.81,10.59,39959,42770619.0,2.05,-0.09,-0.01,2.07
000586,汇源通信,2025-06-13,10.69,10.48,10.74,10.4,48026,50498241.8,3.18,-2.06,-0.22,2.48
000586,汇源通信,2025-06-16,10.37,10.55,10.72,10.32,37228,39373483.0,3.82,0.67,0.07,1.92
000586,汇源通信,2025-06-17,10.66,10.46,10.66,10.35,37476,39099241.62,2.94,-0.85,-0.09,1.94
000586,汇源通信,2025-06-18,10.44,10.54,10.54,10.29,36581,38188286.0,2.39,0.76,0.08,1.89
000586,汇源通信,2025-06-19,10.55,10.24,10.65,10.18,54082,55913556.0,4.46,-2.85,-0.3,2.8
000586,汇源通信,2025-06-20,10.24,10.21,10.34,10.12,42740,43718402.0,2.15,-0.29,-0.03,2.21
000586,汇源通信,2025-06-23,10.14,10.46,10.49,10.14,38949,40347207.92,3.43,2.45,0.25,2.01
000586,汇源通信,2025-06-24,10.53,10.69,10.74,10.48,45940,49063451.0,2.49,2.2,0.23,2.37
000586,汇源通信,2025-06-25,10.74,10.7,10.85,10.6,46677,49977724.0,2.34,0.09,0.01,2.41
000586,汇源通信,2025-06-26,10.73,10.7,10.8,10.64,34158,36611340.0,1.5,0.0,0.0,1.77
000586,汇源通信,2025-06-27,10.76,10.91,10.93,10.7,48380,52388759.5,2.15,1.96,0.21,2.5
000586,汇源通信,2025-06-30,11.0,11.12,11.14,10.92,58559,64800973.1,2.02,1.92,0.21,3.03
000586,汇源通信,2025-07-01,11.15,11.03,11.28,10.91,47963,53057425.0,3.33,-0.81,-0.09,2.48
000586,汇源通信,2025-07-02,11.1,11.07,11.15,10.87,47970,52703164.07,2.54,0.36,0.04,2.48
000586,汇源通信,2025-07-03,11.04,11.06,11.17,11.04,30112,33383199.0,1.17,-0.09,-0.01,1.56
000586,汇源通信,2025-07-04,11.06,10.91,11.12,10.9,31834,34895361.0,1.99,-1.36,-0.15,1.65
000586,汇源通信,2025-07-07,10.91,11.11,11.12,10.82,36768,40384085.0,2.75,1.83,0.2,1.9
000586,汇源通信,2025-07-08,11.16,11.14,11.16,11.03,38666,42943562.0,1.17,0.27,0.03,2.0
000586,汇源通信,2025-07-09,11.14,11.18,11.25,11.06,39328,43829963.06,1.71,0.36,0.04,2.03
000586,汇源通信,2025-07-10,11.21,11.12,11.24,11.03,32333,35987030.0,1.88,-0.54,-0.06,1.67
000586,汇源通信,2025-07-11,11.24,11.07,11.24,10.98,38285,42391923.0,2.34,-0.45,-0.05,1.98
000586,汇源通信,2025-07-14,11.13,11.22,11.22,11.01,41645,46457438.0,1.9,1.36,0.15,2.15
000586,汇源通信,2025-07-15,11.24,11.21,11.4,11.02,58426,65406289.0,3.39,-0.09,-0.01,3.02
000586,汇源通信,2025-07-16,11.23,11.25,11.33,11.17,45377,51070799.0,1.43,0.36,0.04,2.35
000586,汇源通信,2025-07-17,11.2,11.48,11.55,11.18,63612,72652936.25,3.29,2.04,0.23,3.29
000586,汇源通信,2025-07-18,11.53,11.43,11.6,11.39,46463,53246587.0,1.83,-0.44,-0.05,2.4
000586,汇源通信,2025-07-21,11.42,11.6,11.64,11.37,42845,49517694.64,2.36,1.49,0.17,2.21
000586,汇源通信,2025-07-22,11.63,11.48,11.74,11.4,43921,50686107.0,2.93,-1.03,-0.12,2.27
000586,汇源通信,2025-07-23,11.52,11.34,11.54,11.3,36631,41682730.0,2.09,-1.22,-0.14,1.89
000586,汇源通信,2025-07-24,11.34,11.39,11.45,11.29,35914,40791723.0,1.41,0.44,0.05,1.86
000586,汇源通信,2025-07-25,11.38,11.44,11.47,11.35,27718,31648178.0,1.05,0.44,0.05,1.43
000586,汇源通信,2025-07-28,11.45,11.64,11.69,11.42,39848,46219237.0,2.36,1.75,0.2,2.06
000586,汇源通信,2025-07-29,11.63,11.77,11.82,11.53,44326,51689459.0,2.49,1.12,0.13,2.29
000586,汇源通信,2025-07-30,11.77,11.82,11.88,11.6,43475,51057623.65,2.38,0.42,0.05,2.25
000586,汇源通信,2025-07-31,11.75,11.76,12.2,11.7,66167,79096846.4,4.23,-0.51,-0.06,3.42
000586,汇源通信,2025-08-01,11.8,11.88,12.0,11.65,56346,66674136.0,2.98,1.02,0.12,2.91
000586,汇源通信,2025-08-04,11.87,12.06,12.09,11.71,55050,65911468.0,3.2,1.52,0.18,2.85
000586,汇源通信,2025-08-05,12.18,12.71,13.27,12.13,292454,368853365.31,9.45,5.39,0.65,15.12
000586,汇源通信,2025-08-06,12.32,12.36,12.64,12.32,211659,262587527.0,2.52,-2.75,-0.35,10.94
000586,汇源通信,2025-08-07,12.43,12.63,12.83,12.26,191699,240113243.6,4.61,2.18,0.27,9.91
000586,汇源通信,2025-08-08,12.57,12.84,12.99,12.4,191749,243954287.78,4.67,1.66,0.21,9.91
000586,汇源通信,2025-08-11,12.9,12.7,13.16,12.61,183776,234018946.95,4.28,-1.09,-0.14,9.5
000586,汇源通信,2025-08-12,12.73,12.49,12.77,12.46,136755,171648974.01,2.44,-1.65,-0.21,7.07
000586,汇源通信,2025-08-13,12.58,12.52,12.64,12.46,90345,113232423.01,1.44,0.24,0.03,4.67
000586,汇源通信,2025-08-14,12.59,12.25,12.61,12.24,84625,104646741.0,2.96,-2.16,-0.27,4.37
000586,汇源通信,2025-08-15,12.31,12.4,12.45,12.26,71326,88292524.34,1.55,1.22,0.15,3.69
000586,汇源通信,2025-08-18,12.4,12.25,12.53,12.23,106733,132073802.93,2.42,-1.21,-0.15,5.52
000586,汇源通信,2025-08-19,12.29,12.49,12.52,12.15,100451,124478715.34,3.02,1.96,0.24,5.19
000586,汇源通信,2025-08-20,12.52,12.7,13.1,12.31,127078,160926587.16,6.33,1.68,0.21,6.57
000586,汇源通信,2025-08-21,12.73,12.55,12.88,12.44,106986,134944944.0,3.46,-1.18,-0.15,5.53
000586,汇源通信,2025-08-22,12.55,12.5,12.6,12.38,84332,105079806.0,1.75,-0.4,-0.05,4.36
000586,汇源通信,2025-08-25,12.8,12.86,13.01,12.64,136842,175420482.0,2.96,2.88,0.36,7.07
000586,汇源通信,2025-08-26,12.81,12.88,13.08,12.7,92306,119263336.8,2.95,0.16,0.02,4.77
000586,汇源通信,2025-08-27,12.81,12.48,13.03,12.47,88091,112525626.87,4.35,-3.11,-0.4,4.55
000586,汇源通信,2025-08-28,12.49,12.88,12.95,12.24,113845,144165891.0,5.69,3.21,0.4,5.89
000586,汇源通信,2025-08-29,12.86,12.83,12.86,12.52,90565,114781385.72,2.64,-0.39,-0.05,4.68
000586,汇源通信,2025-09-01,12.84,12.7,12.92,12.6,83884,107125735.06,2.49,-1.01,-0.13,4.34
000586,汇源通信,2025-09-02,12.66,12.33,12.75,12.16,92118,113810743.64,4.65,-2.91,-0.37,4.76
000586,汇源通信,2025-09-03,12.34,12.05,12.4,11.98,59615,72434063.44,3.41,-2.27,-0.28,3.08
000586,汇源通信,2025-09-04,12.21,11.97,12.42,11.78,72711,88364113.84,5.31,-0.66,-0.08,3.76
000586,汇源通信,2025-09-05,12.03,12.21,12.23,11.73,51815,62542170.92,4.18,2.01,0.24,2.68
000586,汇源通信,2025-09-08,12.36,12.41,12.46,12.1,54089,66376483.34,2.95,1.64,0.2,2.8
000586,汇源通信,2025-09-09,12.37,12.47,12.47,12.26,51915,64248513.63,1.69,0.48,0.06,2.68
000586,汇源通信,2025-09-10,12.43,12.69,13.12,12.35,95944,122084636.67,6.17,1.76,0.22,4.96
000586,汇源通信,2025-09-11,12.73,13.96,13.96,12.58,158193,213781794.38,10.87,10.01,1.27,8.18
000586,汇源通信,2025-09-12,13.66,13.45,13.95,13.4,310069,421332787.19,3.94,-3.65,-0.51,16.03
000586,汇源通信,2025-09-15,13.45,13.2,13.45,13.05,163491,215000535.02,2.97,-1.86,-0.25,8.45
000586,汇源通信,2025-09-16,13.16,13.18,13.36,12.92,128383,168482748.94,3.33,-0.15,-0.02,6.64
000586,汇源通信,2025-09-17,13.18,13.1,13.27,13.02,107148,140600989.48,1.9,-0.61,-0.08,5.54
000586,汇源通信,2025-09-18,13.2,12.93,13.2,12.75,121274,157421003.58,3.44,-1.3,-0.17,6.27
000586,汇源通信,2025-09-19,12.9,12.93,13.03,12.8,80730,104128723.0,1.78,0.0,0.0,4.17
000586,汇源通信,2025-09-22,12.93,12.73,12.93,12.6,80252,101810897.0,2.55,-1.55,-0.2,4.15
000586,汇源通信,2025-09-23,12.81,13.0,13.0,12.23,109743,138531485.49,6.05,2.12,0.27,5.67
000586,汇源通信,2025-09-24,12.8,13.38,13.46,12.67,140439,185768405.49,6.08,2.92,0.38,7.26
000586,汇源通信,2025-09-25,13.32,13.89,14.33,13.2,213242,297388155.15,8.45,3.81,0.51,11.02
000586,汇源通信,2025-09-26,14.0,13.79,14.19,13.76,120958,168616248.42,3.1,-0.72,-0.1,6.25
000586,汇源通信,2025-09-29,13.94,13.73,13.94,13.57,88730,121790502.0,2.68,-0.44,-0.06,4.59
000586,汇源通信,2025-09-30,13.75,13.8,13.93,13.65,70955,97936522.72,2.04,0.51,0.07,3.67
000586,汇源通信,2025-10-09,13.93,13.79,14.03,13.52,98050,134784720.7,3.7,-0.07,-0.01,5.07
000586,汇源通信,2025-10-10,13.68,13.53,13.93,13.52,86117,117725172.16,2.97,-1.89,-0.26,4.45
000586,汇源通信,2025-10-13,13.0,13.85,14.0,12.72,132016,178864676.8,9.46,2.37,0.32,6.82
000586,汇源通信,2025-10-14,13.85,13.26,13.94,13.2,81906,110866713.0,5.34,-4.26,-0.59,4.23
000586,汇源通信,2025-10-15,13.3,13.73,13.77,13.12,89064,119656599.41,4.9,3.54,0.47,4.6
000586,汇源通信,2025-10-16,13.73,13.27,13.79,13.21,52501,70633538.0,4.22,-3.35,-0.46,2.71
000586,汇源通信,2025-10-17,13.33,12.72,13.54,12.69,71411,92718525.0,6.41,-4.14,-0.55,3.69
000586,汇源通信,2025-10-20,12.98,13.25,13.33,12.92,65704,86372749.0,3.22,4.17,0.53,3.4
000586,汇源通信,2025-10-21,13.25,14.01,14.19,13.19,126448,174646844.0,7.55,5.74,0.76,6.54
000586,汇源通信,2025-10-22,14.17,13.99,14.2,13.81,74583,104780293.0,2.78,-0.14,-0.02,3.86
000586,汇源通信,2025-10-23,14.17,14.25,14.42,13.82,103240,145996272.0,4.29,1.86,0.26,5.34
000586,汇源通信,2025-10-24,14.25,14.4,14.43,14.08,85777,122874341.58,2.46,1.05,0.15,4.43
000586,汇源通信,2025-10-27,14.59,14.25,14.6,14.04,78093,111194625.2,3.89,-1.04,-0.15,4.04
000586,汇源通信,2025-10-28,14.18,14.38,14.58,14.0,53818,77194897.8,4.07,0.91,0.13,2.78
000586,汇源通信,2025-10-29,14.37,14.12,14.54,14.04,45746,64730777.0,3.48,-1.81,-0.26,2.36
000586,汇源通信,2025-10-30,14.11,13.79,14.25,13.78,51034,70925420.0,3.33,-2.34,-0.33,2.64
000586,汇源通信,2025-10-31,13.75,13.9,14.01,13.61,44870,62183659.76,2.9,0.8,0.11,2.32
000586,汇源通信,2025-11-03,14.15,14.45,14.6,14.08,90769,130226085.0,3.74,3.96,0.55,4.69
000586,汇源通信,2025-11-04,14.47,14.14,14.47,14.05,58953,83922877.5,2.91,-2.15,-0.31,3.05
000586,汇源通信,2025-11-05,14.13,14.36,14.49,13.89,76927,109877463.5,4.24,1.56,0.22,3.98
000586,汇源通信,2025-11-06,14.34,14.32,14.48,14.12,61263,87597336.0,2.51,-0.28,-0.04,3.17
000586,汇源通信,2025-11-07,14.26,14.16,14.51,14.11,53945,76806907.0,2.79,-1.12,-0.16,2.79
000586,汇源通信,2025-11-10,14.41,15.16,15.49,14.41,159373,240040347.64,7.63,7.06,1.0,8.24
000586,汇源通信,2025-11-11,15.29,15.21,15.96,15.11,151634,233096872.45,5.61,0.33,0.05,7.84
000586,汇源通信,2025-11-19,16.0,13.69,16.0,13.69,252188,353167602.66,15.19,-9.99,-1.52,13.04
000586,汇源通信,2025-11-20,12.99,12.9,13.39,12.62,220964,284394917.97,5.62,-5.77,-0.79,11.42
000586,汇源通信,2025-11-21,12.88,12.71,13.29,12.63,142238,184294336.7,5.12,-1.47,-0.19,7.35
000586,汇源通信,2025-11-24,12.84,12.96,13.1,12.5,104921,134410641.0,4.72,1.97,0.25,5.42
000586,汇源通信,2025-11-25,12.98,13.34,13.5,12.98,82274,109883263.7,4.01,2.93,0.38,4.25
000586,汇源通信,2025-11-26,13.33,13.06,13.5,12.99,73834,97533259.2,3.82,-2.1,-0.28,3.82
000586,汇源通信,2025-11-27,13.0,13.01,13.3,12.97,56258,73945103.0,2.53,-0.38,-0.05,2.91
000586,汇源通信,2025-11-28,12.99,13.25,13.26,12.9,48490,63468161.0,2.77,1.84,0.24,2.51
000586,汇源通信,2025-12-01,13.23,13.19,13.37,13.1,46096,61066398.0,2.04,-0.45,-0.06,2.38
000586,汇源通信,2025-12-02,13.14,13.53,13.68,13.1,81898,109934641.4,4.4,2.58,0.34,4.23
000586,汇源通信,2025-12-03,13.55,13.24,13.62,13.1,54170,72077631.0,3.84,-2.14,-0.29,2.8
000586,汇源通信,2025-12-04,13.13,13.08,13.3,12.94,48508,63620968.0,2.72,-1.21,-0.16,2.51
000586,汇源通信,2025-12-05,13.08,13.35,13.43,12.96,46654,61890057.0,3.59,2.06,0.27,2.41
000586,汇源通信,2025-12-08,13.43,13.63,13.83,13.42,79989,109356099.0,3.07,2.1,0.28,4.14
000586,汇源通信,2025-12-09,13.63,13.62,13.87,13.51,44926,61372073.28,2.64,-0.07,-0.01,2.32
000586,汇源通信,2025-12-10,13.59,13.52,13.61,13.31,41408,55869754.47,2.2,-0.73,-0.1,2.14
000586,汇源通信,2025-12-11,13.57,13.27,13.6,13.24,47550,63661712.31,2.66,-1.85,-0.25,2.46
000586,汇源通信,2025-12-12,13.4,13.16,13.58,13.15,51492,68711033.0,3.24,-0.83,-0.11,2.66
000586,汇源通信,2025-12-15,13.27,13.25,13.45,13.0,45316,60151276.8,3.42,0.68,0.09,2.34
000586,汇源通信,2025-12-16,13.24,13.07,13.29,12.98,43467,56839930.0,2.34,-1.36,-0.18,2.25
000586,汇源通信,2025-12-17,13.1,13.08,13.19,12.7,44239,57220013.0,3.75,0.08,0.01,2.29
000586,汇源通信,2025-12-18,13.06,13.31,13.45,12.97,47692,63455172.0,3.67,1.76,0.23,2.47
000586,汇源通信,2025-12-19,13.27,13.87,14.64,13.23,147711,205549173.5,10.59,4.21,0.56,7.64
000586,汇源通信,2025-12-22,14.02,14.31,14.55,13.89,189107,268782874.73,4.76,3.17,0.44,9.78
000586,汇源通信,2025-12-23,14.28,14.2,14.35,14.0,94740,133878795.6,2.45,-0.77,-0.11,4.9
000586,汇源通信,2025-12-24,14.2,14.3,14.43,14.07,68651,98282967.36,2.54,0.7,0.1,3.55
000586,汇源通信,2025-12-25,14.3,14.18,14.46,14.08,73699,104823156.99,2.66,-0.84,-0.12,3.81
000586,汇源通信,2025-12-26,14.2,13.96,14.25,13.91,56089,78730432.0,2.4,-1.55,-0.22,2.9
000586,汇源通信,2025-12-29,14.04,13.83,14.1,13.77,43873,60886005.0,2.36,-0.93,-0.13,2.27
000586,汇源通信,2025-12-30,13.78,13.62,14.08,13.61,41909,57784932.0,3.4,-1.52,-0.21,2.17
000586,汇源通信,2025-12-31,13.63,13.53,13.8,13.37,53818,72616907.0,3.16,-0.66,-0.09,2.78
000586,汇源通信,2026-01-05,13.57,13.57,13.76,13.48,67383,91706628.0,2.07,0.3,0.04,3.48
000586,汇源通信,2026-01-06,13.58,13.23,13.64,13.16,85291,113368313.0,3.54,-2.51,-0.34,4.41
000586,汇源通信,2026-01-07,13.22,13.25,13.52,13.07,75272,99912690.2,3.4,0.15,0.02,3.89
000586,汇源通信,2026-01-08,13.16,13.35,13.5,13.08,62282,83019782.9,3.17,0.75,0.1,3.22
000586,汇源通信,2026-01-09,13.4,13.25,13.44,13.1,68401,90629524.0,2.55,-0.75,-0.1,3.54
000586,汇源通信,2026-01-12,13.39,13.42,13.54,13.15,77333,103566435.03,2.94,1.28,0.17,4.0
000586,汇源通信,2026-01-13,13.55,13.3,13.59,13.15,88688,118569899.0,3.28,-0.89,-0.12,4.58
000586,汇源通信,2026-01-14,13.86,13.93,14.6,13.66,207863,292853394.79,7.07,4.74,0.63,10.75
000586,汇源通信,2026-01-15,13.88,13.84,14.1,13.65,112962,155884618.87,3.23,-0.65,-0.09,5.84
000586,汇源通信,2026-01-16,14.19,13.84,14.44,13.76,101954,142772581.55,4.91,0.0,0.0,5.27
000586,汇源通信,2026-01-19,13.76,13.97,14.1,13.76,73634,102749547.0,2.46,0.94,0.13,3.81
000586,汇源通信,2026-01-20,13.97,13.53,13.99,13.43,82333,112270685.0,4.01,-3.15,-0.44,4.26
000586,汇源通信,2026-01-21,13.45,13.7,13.79,13.3,57768,78693739.5,3.62,1.26,0.17,2.99
000586,汇源通信,2026-01-22,13.77,13.85,13.94,13.63,66426,91499929.0,2.26,1.09,0.15,3.43
000586,汇源通信,2026-01-23,13.89,13.92,14.0,13.73,61490,85265817.85,1.95,0.51,0.07,3.18
000586,汇源通信,2026-01-26,13.97,13.92,14.23,13.65,80793,112270995.9,4.17,0.0,0.0,4.18
000586,汇源通信,2026-01-27,13.8,13.97,14.05,13.33,84001,115827830.13,5.17,0.36,0.05,4.34
000586,汇源通信,2026-01-28,14.61,13.79,14.86,13.76,101571,142885135.0,7.87,-1.29,-0.18,5.25
000586,汇源通信,2026-01-29,13.73,13.33,13.85,13.27,108151,146750499.0,4.21,-3.34,-0.46,5.59
000586,汇源通信,2026-01-30,13.35,14.05,14.27,13.28,155036,214666171.13,7.43,5.4,0.72,8.01
000586,汇源通信,2026-02-02,14.1,14.08,14.5,13.96,122234,173963218.15,3.84,0.21,0.03,6.32
000586,汇源通信,2026-02-03,14.26,14.68,14.7,14.1,121604,176465414.0,4.26,4.26,0.6,6.29
000586,汇源通信,2026-02-04,14.66,14.74,15.17,14.58,120227,178055578.77,4.02,0.41,0.06,6.22
000586,汇源通信,2026-02-05,14.64,14.3,14.83,14.28,69429,100395312.33,3.73,-2.99,-0.44,3.59
000586,汇源通信,2026-02-06,14.32,14.61,15.12,14.18,122161,180426515.0,6.57,2.17,0.31,6.32
000586,汇源通信,2026-02-09,15.0,15.21,15.27,14.7,111253,167694812.2,3.9,4.11,0.6,5.75
000586,汇源通信,2026-02-10,15.15,15.65,16.22,15.15,162656,255639143.97,7.03,2.89,0.44,8.41
000586,汇源通信,2026-02-11,15.35,15.28,15.95,15.26,92383,143070978.0,4.41,-2.36,-0.37,4.78
000586,汇源通信,2026-02-12,15.5,15.28,15.62,14.94,83915,128423835.9,4.45,0.0,0.0,4.34
000586,汇源通信,2026-02-13,15.2,14.93,15.31,14.93,78788,118894220.0,2.49,-2.29,-0.35,4.07
000586,汇源通信,2026-02-24,15.2,15.5,15.68,15.15,87578,135122995.36,3.55,3.82,0.57,4.53
000586,汇源通信,2026-02-25,15.52,15.1,15.72,15.03,78830,119537129.0,4.45,-2.58,-0.4,4.08
000586,汇源通信,2026-02-26,15.3,15.82,16.44,15.25,188682,300218497.02,7.88,4.77,0.72,9.75
000586,汇源通信,2026-02-27,15.71,15.82,16.23,15.35,123574,195497706.84,5.56,0.0,0.0,6.39
000586,汇源通信,2026-03-02,15.6,15.57,16.1,15.41,114174,179309923.68,4.36,-1.58,-0.25,5.9
000586,汇源通信,2026-03-03,15.59,15.2,16.15,15.2,118726,185526987.59,6.1,-2.38,-0.37,6.14
000586,汇源通信,2026-03-04,15.0,15.48,15.88,14.85,100885,156181715.14,6.78,1.84,0.28,5.22
000586,汇源通信,2026-03-05,15.67,15.61,15.84,15.5,73235,114808183.43,2.2,0.84,0.13,3.79
000586,汇源通信,2026-03-06,15.49,15.89,16.08,15.41,75488,119387423.66,4.29,1.79,0.28,3.9
000586,汇源通信,2026-03-09,15.63,15.7,15.88,15.18,82932,127957425.0,4.41,-1.2,-0.19,4.29
000586,汇源通信,2026-03-10,15.8,16.68,16.88,15.8,122869,202211565.24,6.88,6.24,0.98,6.35
000586,汇源通信,2026-03-11,16.6,16.29,17.0,16.09,180088,296857702.0,5.46,-2.34,-0.39,9.31
000586,汇源通信,2026-03-12,16.19,15.82,16.49,15.71,90285,144447640.29,4.79,-2.89,-0.47,4.67
000586,汇源通信,2026-03-13,15.62,15.82,16.32,15.58,89554,142754097.0,4.68,0.0,0.0,4.63
000586,汇源通信,2026-03-16,15.7,15.75,15.96,15.38,64972,101499093.0,3.67,-0.44,-0.07,3.36
000586,汇源通信,2026-03-17,15.8,14.99,15.85,14.94,80394,122250385.0,5.78,-4.83,-0.76,4.16
000586,汇源通信,2026-03-18,15.13,15.38,15.42,14.91,64063,97396171.06,3.4,2.6,0.39,3.31
000586,汇源通信,2026-03-19,15.21,14.95,15.41,14.82,73011,110173452.0,3.84,-2.8,-0.43,3.77
000586,汇源通信,2026-03-20,15.22,14.77,15.99,14.71,110229,168516696.9,8.56,-1.2,-0.18,5.7
000586,汇源通信,2026-03-23,14.48,13.69,14.58,13.56,105943,149086001.8,6.91,-7.31,-1.08,5.48
000586,汇源通信,2026-03-24,14.0,14.48,14.49,13.68,86037,120909624.84,5.92,5.77,0.79,4.45
000586,汇源通信,2026-03-25,14.61,15.05,15.37,14.61,91259,137719734.0,5.25,3.94,0.57,4.72
000586,汇源通信,2026-03-26,15.01,14.8,15.25,14.57,61337,91064439.0,4.52,-1.66,-0.25,3.17
000586,汇源通信,2026-03-27,14.67,15.02,15.13,14.55,60297,89890418.0,3.92,1.49,0.22,3.12
